OverallQual,GrLivArea,GarageCars,YearBuilt,TotalBsmtSF,1stFlrSF,2ndFlrSF,ExterQual,Fireplaces,Neighborhood
5,892,1,1967,892,892,0,TA,0,NAmes
7,1929,2,2001,1057,1057,872,Gd,1,Somerst
5,1078,2,1971,1078,1078,0,TA,1,NAmes
6,1710,2,1993,832,832,878,Gd,0,SawyerW
6,1552,2,1975,713,811,741,TA,1,NWAmes
5,864,2,1958,864,864,0,TA,0,NAmes
8,1924,2,1998,1086,1086,838,Gd,1,NoRidge
5,1077,1,1939,991,1077,0,TA,2,BrkSide
5,1344,3,1916,624,624,720,TA,0,OldTown
6,1509,2,2002,783,807,702,Gd,1,Gilbert
9,1698,3,2007,1698,1698,0,Ex,1,Edwards
6,2358,2,1908,907,1307,1051,TA,1,ClearCr
4,864,2,1970,864,864,0,TA,0,NAmes
6,2614,2,1974,1522,1548,1066,TA,1,NWAmes
6,1072,2,2005,547,1072,0,TA,0,Edwards
7,1674,2,2000,814,814,860,Gd,0,Somerst
5,875,1,1931,715,875,0,TA,0,BrkSide
5,1721,2,1968,1461,1721,0,TA,1,Sawyer
6,1456,2,2005,728,728,728,TA,0,Gilbert
7,1242,2,1973,1242,1242,0,TA,1,NWAmes
6,1302,1,1964,1302,1302,0,TA,0,NAmes
8,2526,3,1994,1165,1203,1323,Gd,1,NoRidge
6,1291,2,1996,1291,1291,0,TA,1,ClearCr
7,1661,2,1998,1649,1661,0,TA,0,CollgCr
8,1601,2,2001,1581,1601,0,Gd,1,CollgCr
5,3086,0,1946,1598,1636,971,TA,1,ClearCr
7,2069,2,1960,585,2069,0,TA,1,NAmes
6,1537,2,1962,1319,1537,0,Gd,1,NAmes
5,1664,0,1965,0,1664,0,TA,0,Edwards
6,1196,2,1920,684,684,512,TA,0,Edwards
6,752,1,1984,744,752,0,TA,0,SawyerW
7,2646,3,1993,1347,1372,1274,Gd,1,NoRidge
6,2058,2,1917,735,1134,924,TA,1,OldTown
5,964,2,1921,876,964,0,TA,0,Crawfor
6,1786,2,1997,824,905,881,TA,0,CollgCr
4,2230,1,1912,795,954,795,Gd,0,SWISU
8,3279,3,2003,1650,1690,1589,Ex,1,StoneBr
4,1123,1,1939,732,772,351,TA,0,IDOTRR
8,2452,2,1998,1028,1210,1242,Gd,1,CollgCr
5,1268,1,1954,1268,1268,0,TA,1,NAmes
6,1386,2,1978,672,672,714,TA,1,Sawyer
5,2620,2,1977,1361,1361,1259,TA,1,Sawyer
7,1660,2,2002,831,831,829,Gd,0,CollgCr
5,1343,1,1921,731,820,523,TA,1,Crawfor
7,1135,2,1936,560,575,560,Gd,0,SWISU
4,1005,2,1955,1005,1005,0,TA,1,NAmes
7,1358,2,2004,1358,1358,0,Gd,1,NridgHt
7,2784,2,1978,1392,1392,1392,TA,2,NWAmes
5,1134,1,1960,1010,1134,0,TA,0,NAmes
5,789,1,1948,789,789,0,TA,0,OldTown
8,1694,3,2008,1694,1694,0,Gd,0,CollgCr
5,1728,2,1963,1728,1728,0,TA,0,Sawyer
5,1126,2,1977,1126,1126,0,TA,1,Mitchel
5,1632,2,1967,1632,1632,0,TA,0,Mitchel
6,1026,2,1978,940,1026,0,TA,0,CollgCr
7,1411,2,1977,1386,1411,0,TA,1,NWAmes
6,1792,2,2000,936,962,830,TA,1,Gilbert
5,1620,2,1969,780,780,840,TA,0,NWAmes
6,988,2,1969,938,988,0,TA,2,ClearCr
5,1539,2,1936,927,1067,472,TA,0,BrkSide
8,2482,3,2005,1094,1133,1349,Gd,1,Timber
7,1217,2,1990,1188,1217,0,TA,0,Mitchel
8,1795,3,2006,1795,1795,0,Gd,1,Somerst
5,1148,1,1952,980,1148,0,TA,0,Edwards
6,2119,2,1972,689,1378,741,TA,1,NWAmes
6,1575,2,1992,1575,1575,0,Gd,0,SawyerW
5,1466,2,1959,1466,1466,0,TA,2,Edwards
6,1092,1,1971,525,525,567,TA,0,BrDale
4,1192,0,1949,720,720,472,TA,0,NAmes
6,1658,2,1995,773,773,885,TA,1,Gilbert
6,2555,2,1922,588,1423,748,TA,1,Crawfor
9,2018,3,2008,2002,2018,0,Ex,1,Timber
6,1396,1,1915,698,698,698,TA,0,BrkSide
5,1812,2,1900,360,1032,780,TA,1,OldTown
6,1700,2,2003,1682,1700,0,Gd,0,CollgCr
6,1004,2,1977,975,1004,0,TA,0,Mitchel
4,1440,0,1955,1440,1440,0,TA,0,Edwards
6,2144,2,1958,1444,1444,700,Gd,2,ClearCr
7,1250,2,2006,625,625,625,Gd,0,Somerst
5,900,2,1951,900,900,0,TA,0,NAmes
6,1362,2,2005,1362,1362,0,Gd,1,NridgHt
5,1092,1,1962,1092,1092,0,TA,1,Sawyer
7,2978,2,1967,710,1898,1080,Gd,1,NAmes
6,1790,2,1972,732,1012,778,TA,1,NWAmes
6,1032,2,1978,1032,1032,0,TA,1,NWAmes
3,1306,0,1940,728,1306,0,TA,0,BrkSide
5,1432,2,1910,264,768,664,TA,0,OldTown
6,1734,2,1962,912,1085,649,TA,1,NAmes
8,2612,3,1998,1225,1276,1336,Gd,1,NoRidge
7,1740,1,1940,800,960,780,TA,2,Crawfor
7,1370,2,1976,1090,1370,0,TA,1,NWAmes
5,1096,1,1969,1096,1096,0,TA,0,NAmes
4,1510,1,1940,755,755,755,TA,1,Edwards
7,1950,2,1997,975,975,975,Gd,1,Somerst
5,2320,2,1948,0,1547,720,TA,1,Gilbert
9,1746,3,2006,1746,1746,0,Ex,2,Gilbert
5,1184,0,1910,658,658,526,TA,0,Edwards
5,1235,2,1961,1235,1235,0,TA,0,NAmes
4,1152,0,1955,0,1152,0,TA,0,Edwards
6,1004,2,1970,1004,1004,0,TA,1,NAmes
7,1277,2,1970,1277,1277,0,TA,1,NAmes
6,1855,1,1954,994,1216,639,TA,0,Edwards
6,848,2,2003,848,848,0,Gd,0,CollgCr
5,900,1,1967,864,900,0,TA,1,NAmes
5,1250,1,1918,686,686,564,TA,0,Edwards
6,2380,2,1965,1021,1465,915,TA,1,NAmes
5,1283,2,1962,931,1283,0,TA,0,NAmes
7,1316,2,2007,1316,1316,0,Gd,1,CollgCr
6,1218,0,1971,672,672,546,TA,0,BrDale
6,1306,2,2005,1306,1306,0,Gd,1,NridgHt
7,1145,2,2005,1145,1145,0,Gd,1,Blmngtn
8,1574,3,2006,1574,1574,0,Gd,1,Somerst
7,1472,2,1991,384,802,670,Gd,1,Gilbert
9,2224,3,2004,1462,1462,762,Gd,1,NridgHt
5,1302,1,1971,630,630,672,TA,0,BrDale
3,774,0,1931,544,774,0,TA,0,Edwards
6,1577,1,1939,972,972,605,TA,1,BrkSide
5,1063,1,1954,1056,1063,0,TA,0,NAmes
5,784,0,1924,784,784,0,TA,0,BrkSide
7,1710,2,2003,856,856,854,Gd,0,CollgCr
6,1069,2,1977,1069,1069,0,TA,1,NPkVill
5,1109,1,1971,372,576,533,TA,0,NAmes
7,1582,2,2004,770,770,812,Gd,0,CollgCr
9,2643,3,2006,2153,2069,574,Ex,1,NridgHt
7,2223,2,1973,2223,2223,0,TA,2,NAmes
5,1230,2,1910,440,682,548,TA,0,OldTown
5,864,0,1925,864,864,0,TA,0,Edwards
6,2073,2,1978,1542,2073,0,TA,2,NWAmes
5,1128,1,1954,936,1128,0,TA,0,NAmes
5,864,1,1978,864,864,0,Gd,0,CollgCr
6,1412,2,1988,1392,1412,0,TA,1,Timber
5,1092,1,1957,1092,1092,0,TA,1,NAmes
5,1328,1,1959,1350,1328,0,TA,2,Timber
5,1867,1,1955,1617,1867,0,Gd,3,ClearCr
7,1774,2,1931,952,1022,752,TA,2,OldTown
7,2263,2,1977,795,1468,795,TA,1,NWAmes
7,1200,2,2004,600,600,600,Gd,0,Somerst
7,1824,2,1971,1643,1824,0,TA,2,ClearCr
8,1624,3,1994,1624,1624,0,Gd,1,NoRidge
6,1068,1,1963,1059,1068,0,TA,0,Sawyer
5,1050,1,1956,1050,1050,0,TA,0,NAmes
8,2531,3,1995,1318,1328,1203,Gd,1,NoRidge
5,980,2,1977,980,980,0,TA,0,Sawyer
6,1593,2,2004,839,864,729,TA,1,Gilbert
6,1298,2,1985,1298,1298,0,Gd,1,SawyerW
8,2097,3,2005,2077,2097,0,Gd,1,Somerst
6,1095,1,1958,588,1095,0,TA,0,NAmes
6,1632,1,1958,1240,1632,0,TA,1,NAmes
7,1668,2,2003,840,840,828,Gd,0,CollgCr
7,1797,2,2006,939,939,858,Gd,0,CollgCr
4,1126,2,1949,0,1126,0,TA,0,Edwards
5,1456,1,1948,810,1002,454,TA,1,Edwards
7,2097,2,1998,1108,1108,989,TA,1,CollgCr
6,1194,2,1959,655,1194,0,TA,1,NAmes
8,2473,3,2004,1143,1143,1330,Gd,1,NridgHt
6,1525,2,2000,756,769,756,Gd,1,Somerst
5,1086,2,1954,1086,1086,0,TA,0,NAmes
7,1895,2,1994,712,1086,809,Gd,1,Gilbert
6,1362,2,1961,1362,1362,0,TA,1,NAmes
6,1350,2,1974,1064,1350,0,TA,1,NWAmes
5,1327,2,1959,1063,1327,0,TA,0,NAmes
4,1230,1,1946,747,774,456,TA,0,BrkSide
7,1889,1,1910,925,964,925,Fa,1,OldTown
5,1285,1,1948,672,1072,213,TA,0,BrkSide
5,1072,2,2005,547,1072,0,TA,0,Edwards
5,768,2,1972,768,768,0,TA,0,CollgCr
6,2210,1,1880,1008,1178,1032,TA,0,OldTown
7,1382,2,2000,673,673,709,Gd,0,Somerst
4,864,1,1970,864,864,0,TA,0,NAmes
6,1412,1,1939,780,825,587,TA,1,BrkSide
6,1069,2,1977,1069,1069,0,TA,0,NPkVill
6,987,1,1972,483,483,504,TA,1,BrDale
7,1982,2,1989,807,1175,807,Gd,1,SawyerW
7,1576,2,2006,770,778,798,Gd,0,Somerst
6,2112,2,1969,952,1092,1020,TA,2,NAmes
6,848,2,2003,848,848,0,Gd,0,CollgCr
7,1456,2,2006,728,728,728,Gd,1,CollgCr
6,2872,2,1977,1330,1542,1330,TA,1,NWAmes
4,1056,1,1966,1056,1056,0,TA,0,SawyerW
5,1148,1,1959,1148,1148,0,TA,0,NAmes
5,1284,1,1947,720,720,564,TA,0,OldTown
7,1472,2,1980,1372,1472,0,TA,2,NWAmes
5,2601,2,1921,612,990,1611,TA,0,SWISU
7,1442,2,1990,910,1442,0,Gd,1,SawyerW
4,1336,1,1920,637,897,439,TA,0,IDOTRR
5,1728,1,1964,1728,1728,0,TA,0,NAmes
5,1287,2,1959,1063,1287,0,TA,1,NAmes
5,1098,1,1955,1098,1098,0,TA,0,NAmes
5,1680,2,1976,1680,1680,0,TA,0,NWAmes
7,1588,2,1999,1588,1588,0,Gd,0,CollgCr
5,792,1,1924,768,792,0,Gd,0,OldTown
5,1114,2,2004,1114,1114,0,TA,0,SawyerW
6,1505,2,1953,1505,1505,0,TA,1,NAmes
9,1838,3,2006,1838,1838,0,Ex,1,Timber
8,2132,2,1983,1496,1496,636,Gd,1,SawyerW
7,2034,2,1997,1057,1057,977,TA,0,CollgCr
6,980,0,1975,945,980,0,TA,0,Edwards
5,1535,2,1979,0,1535,0,TA,0,SawyerW
6,1476,2,2005,738,738,738,Gd,0,CollgCr
7,1902,2,1959,1902,1902,0,Gd,2,Crawfor
6,1429,2,1960,1144,1429,0,TA,2,NAmes
5,1040,2,1996,1040,1040,0,TA,0,CollgCr
7,1530,3,2004,1530,1530,0,Gd,1,Gilbert
6,952,1,1916,952,952,0,TA,1,BrkSide
3,968,0,1910,600,600,368,TA,0,OldTown
8,2715,2,1976,1142,1175,1540,Ex,2,NWAmes
8,1494,2,1995,1494,1494,0,Gd,1,Veenker
5,1584,3,1967,1584,1584,0,TA,0,NAmes
8,1518,2,2003,1518,1518,0,Ex,1,NridgHt
5,1314,1,1957,1314,1314,0,TA,0,NAmes
7,1232,2,2007,1232,1232,0,Gd,0,CollgCr
4,936,2,1953,936,936,0,Fa,0,OldTown
8,1719,2,1993,1719,1719,0,Gd,2,Veenker
6,1054,2,1969,1054,1054,0,TA,0,NAmes
5,1344,1,1936,896,896,448,TA,0,BrkSide
5,892,1,1966,864,892,0,TA,0,NAmes
5,1559,2,1948,1559,1559,0,TA,0,OldTown
7,1682,2,1970,1304,1682,0,TA,1,NWAmes
5,882,2,1972,882,882,0,TA,0,CollgCr
6,1660,1,1934,715,849,811,TA,1,Crawfor
5,1795,1,1954,1050,1050,745,TA,0,OldTown
6,2229,0,1912,755,929,929,TA,0,OldTown
7,1573,2,2002,1573,1573,0,Gd,0,CollgCr
4,1529,1,1945,0,1088,441,TA,0,Edwards
8,2828,3,2006,1466,1466,1362,Gd,1,CollgCr
6,1611,2,1964,780,798,813,TA,0,NAmes
4,1047,1,1885,641,1047,0,TA,0,OldTown
6,1114,2,2003,1114,1114,0,TA,0,SawyerW
6,1350,2,1964,1248,1350,0,TA,0,NAmes
6,987,1,1971,483,483,504,TA,0,BrDale
8,1247,2,2005,1247,1247,0,Gd,1,Somerst
5,698,0,1947,698,698,0,TA,0,Edwards
8,1800,3,2002,1800,1800,0,Gd,1,Timber
6,1383,1,1960,1383,1383,0,TA,0,NAmes
8,1742,2,1985,1742,1742,0,Gd,1,StoneBr
6,1913,2,1928,896,1172,741,TA,1,Crawfor
4,1470,1,1954,941,997,473,TA,0,Edwards
5,864,1,1965,864,864,0,TA,1,Sawyer
4,845,1,1957,0,845,0,TA,0,Edwards
6,1484,2,2005,742,742,742,Gd,1,Gilbert
4,1440,0,1977,1440,1440,0,TA,0,Edwards
6,1481,2,1994,702,702,779,TA,1,Gilbert
5,1776,3,1958,1584,1776,0,TA,0,NAmes
6,2447,1,1919,804,1699,748,TA,1,SWISU
7,1208,2,2006,1187,1208,0,Gd,0,CollgCr
6,1253,1,1960,1253,1253,0,TA,1,NAmes
7,2082,2,2003,1362,1362,720,TA,0,OldTown
7,1709,2,2004,970,970,739,Gd,0,Edwards
6,1610,2,1977,1610,1610,0,TA,2,NWAmes
7,2514,2,1990,1216,1298,1216,TA,0,Timber
6,1512,2,2000,756,756,756,Gd,1,Somerst
6,1638,2,1998,943,943,695,TA,2,Gilbert
7,1428,2,2007,1428,1428,0,Gd,0,Somerst
6,1376,1,1937,780,780,596,TA,1,IDOTRR
7,1820,1,1925,1026,1133,687,TA,0,BrkSide
7,1524,2,1979,1332,1332,192,Gd,1,ClearCr
6,1285,2,1977,660,1285,0,TA,1,Sawyer
7,1080,0,2004,1080,1080,0,TA,0,SawyerW
5,616,1,1921,616,616,0,TA,0,BrkSide
5,1306,1,1957,992,1306,0,TA,0,NAmes
4,1121,2,2003,1121,1121,0,TA,0,Edwards
4,952,1,1956,952,952,0,TA,0,NAmes
7,2398,3,1996,1379,1383,1015,Gd,1,NoRidge
6,972,1,1948,972,972,0,TA,1,NAmes
8,1464,3,2007,1485,1464,0,Gd,0,Somerst
4,1663,2,1954,1364,1663,0,TA,2,ClearCr
10,2076,3,2006,2076,2076,0,Ex,1,NridgHt
7,1337,2,2003,1337,1337,0,Gd,0,CollgCr
5,1200,2,1965,864,1200,0,TA,0,NAmes
7,1959,2,2004,847,847,1112,Gd,1,Gilbert
5,1367,1,1900,861,961,406,TA,0,Edwards
8,1646,3,2007,1638,1646,0,Gd,1,Timber
9,1752,2,2005,1752,1752,0,Ex,1,NridgHt
7,2157,2,1966,924,1216,941,TA,2,NAmes
5,1416,2,1918,816,1416,0,TA,0,Sawyer
6,864,1,1959,864,864,0,TA,0,NAmes
6,1394,2,1963,1394,1394,0,TA,2,NAmes
8,1826,3,2005,1814,1826,0,Gd,1,StoneBr
7,2403,1,1940,1032,1207,1196,TA,2,ClearCr
4,720,0,1920,720,720,0,TA,0,IDOTRR
5,1113,1,1950,1113,1113,0,Gd,1,NAmes
6,1639,1,1936,1064,1166,0,TA,0,SWISU
8,2376,3,2005,1158,1158,1218,Gd,1,NridgHt
5,1768,1,1937,731,981,787,TA,2,SWISU
5,1040,1,1962,1040,1040,0,TA,0,Sawyer
6,1694,2,1925,1181,1390,304,TA,1,SWISU
7,1775,2,1993,740,1006,769,Gd,1,SawyerW
10,4316,3,1994,2444,2444,1872,Ex,2,NoRidge
5,804,1,1940,788,804,0,TA,2,OldTown
6,1664,2,1947,1004,1004,660,TA,2,BrkSide
5,1302,2,1970,630,630,672,TA,0,BrDale
6,1764,2,1997,928,928,836,TA,0,CollgCr
7,767,1,1998,723,767,0,TA,0,NAmes
8,2198,3,2000,1145,1145,1053,Gd,1,NoRidge
7,1405,2,2003,1405,1405,0,Gd,1,NridgHt
6,1367,1,1931,884,959,408,TA,1,BrkSide
5,1250,2,1910,661,661,589,TA,1,Crawfor
6,2320,1,1945,1028,1436,884,TA,1,Crawfor
5,768,2,1970,768,768,0,TA,0,Mitchel
7,1928,2,2003,847,847,1081,Gd,1,CollgCr
6,1314,2,2006,1314,1314,0,Gd,1,CollgCr
6,1509,2,1988,1461,1509,0,Gd,1,Timber
7,1872,2,1988,1845,1872,0,TA,1,NWAmes
7,1477,1,1928,861,877,600,TA,1,SWISU
8,2263,2,2001,1055,1055,1208,Gd,1,CollgCr
5,954,2,1976,911,954,0,TA,0,CollgCr
3,1699,2,1900,978,1014,685,TA,0,OldTown
5,882,1,1959,0,882,0,TA,0,NAmes
5,1691,1,1924,1026,1026,665,TA,1,SWISU
6,1441,2,1978,855,855,586,TA,1,NPkVill
5,1040,2,1977,1040,1040,0,TA,0,CollgCr
6,1137,2,1987,1112,1137,0,TA,1,Timber
6,1958,2,1946,979,979,979,TA,0,Crawfor
7,1504,2,2005,1346,1504,0,Gd,1,Blmngtn
6,2521,2,1973,942,1291,1230,TA,1,MeadowV
5,1968,2,1969,784,1168,800,TA,1,Mitchel
5,1352,1,1958,1062,1352,0,TA,0,ClearCr
7,2295,2,1992,1095,1166,1129,Gd,1,NoRidge
6,1690,2,2000,924,948,742,TA,1,Gilbert
4,869,0,1923,440,869,0,TA,0,BrkSide
6,1103,2,1925,1103,1103,0,TA,1,OldTown
7,1363,2,1954,1385,1363,0,TA,2,ClearCr
5,1656,2,1973,1656,1656,0,TA,0,NWAmes
6,1138,1,1958,588,1138,0,TA,0,NAmes
9,1766,3,2009,1766,1766,0,Ex,1,Somerst
8,1953,3,2005,1082,1082,871,Gd,1,Somerst
5,1077,1,1920,961,1077,0,TA,0,IDOTRR
8,2452,3,2004,1117,1132,1320,Gd,1,NridgHt
6,1470,2,1997,794,794,676,TA,0,Gilbert
7,1459,2,2002,1459,1459,0,Gd,1,CollgCr
6,754,0,1935,520,520,0,TA,0,IDOTRR
7,1428,2,2008,1417,1428,0,Gd,0,Somerst
6,1368,1,1910,684,684,684,TA,0,OldTown
6,848,2,2003,848,848,0,Gd,0,CollgCr
7,1954,2,1939,798,1137,817,Gd,2,Crawfor
4,1573,1,1935,884,989,584,TA,0,BrkSide
7,1555,2,2005,1373,1555,0,Gd,1,Blmngtn
5,1236,1,1961,912,1236,0,TA,1,Sawyer
5,1387,1,1954,811,811,576,TA,0,OldTown
8,1904,2,2005,1058,1058,846,Gd,1,NridgHt
5,864,1,1972,864,864,0,TA,1,CollgCr
8,1908,2,2002,967,993,915,Gd,0,Timber
6,1034,3,1976,1012,1034,0,TA,0,Mitchel
6,1487,1,1945,735,798,689,TA,1,Edwards
2,480,1,1949,480,480,0,TA,0,IDOTRR
8,1734,3,2007,1734,1734,0,Gd,1,NridgHt
6,1851,2,1964,822,1020,831,TA,1,NAmes
4,960,1,1920,960,960,0,TA,0,OldTown
6,2259,2,1953,1809,2259,0,TA,2,Crawfor
5,694,1,1913,440,694,0,TA,1,Crawfor
5,1344,1,1958,1024,1344,0,TA,1,NAmes
5,1056,2,1955,1056,1056,0,TA,0,Gilbert
6,1632,2,1966,800,800,832,TA,0,NWAmes
7,1392,2,2007,689,703,689,Gd,0,Somerst
6,1362,2,1920,611,751,611,TA,0,BrkSide
5,1159,1,1968,1051,1159,0,TA,1,Sawyer
7,1560,2,2003,1560,1560,0,Gd,0,Mitchel
8,1742,2,1882,916,916,826,Gd,1,OldTown
5,1347,0,1910,1117,820,527,TA,0,Edwards
4,864,2,1972,864,864,0,TA,0,NAmes
6,1456,2,2006,728,728,728,Gd,0,Gilbert
6,987,1,1971,483,483,504,TA,0,BrDale
4,1181,2,1972,1138,1181,0,TA,0,Edwards
5,938,1,1975,938,938,0,TA,0,CollgCr
6,923,1,1980,923,923,0,TA,1,SawyerW
6,1355,0,1914,684,773,582,TA,0,IDOTRR
3,1163,1,1955,1162,1163,0,TA,0,OldTown
3,1040,2,1949,0,1040,0,TA,0,NAmes
5,796,0,1910,796,796,0,TA,0,Edwards
6,1309,2,1974,1040,1309,0,TA,1,NWAmes
7,1680,2,1998,1650,1680,0,Gd,1,NWAmes
6,1431,1,1962,1099,1431,0,TA,1,NAmes
4,858,1,1971,858,858,0,TA,0,NAmes
5,1904,1,1950,1208,1136,768,TA,0,NAmes
5,1236,1,1957,1070,1236,0,TA,1,NAmes
6,1165,2,1966,1127,1165,0,TA,0,NAmes
5,1779,2,1955,1763,1779,0,TA,1,Sawyer
5,840,0,1930,672,840,0,TA,1,OldTown
7,1920,2,1968,570,1222,698,TA,1,NWAmes
5,1355,0,1940,644,808,547,TA,0,Edwards
8,2000,3,2004,2000,2000,0,Gd,0,CollgCr
7,1744,2,1993,996,1014,730,Gd,0,SawyerW
5,630,0,1970,630,630,0,TA,0,MeadowV
5,1363,1,1951,1008,1363,0,Gd,2,NAmes
5,1472,1,1925,702,842,630,TA,0,OldTown
7,2062,2,1988,1157,1180,882,Gd,1,SawyerW
5,1155,2,1961,1109,1155,0,TA,0,Sawyer
3,1040,2,1950,0,1040,0,TA,0,NAmes
6,1876,2,1974,901,943,933,Gd,1,NWAmes
6,1586,2,1979,1362,1586,0,TA,1,NWAmes
4,1317,1,1920,649,649,668,TA,0,IDOTRR
7,2167,2,1974,1192,1516,651,Gd,2,Veenker
8,3447,3,1935,728,1968,1479,TA,2,Crawfor
8,2020,2,1995,1128,1142,878,Gd,1,SawyerW
4,816,1,1938,816,816,0,TA,1,Edwards
5,1056,1,1954,1056,1056,0,TA,0,NAmes
6,1928,1,1910,1020,908,1020,TA,0,OldTown
6,1442,2,1970,1442,1442,0,TA,1,NWAmes
5,1869,2,1890,1088,1188,561,TA,0,OldTown
6,1414,2,1958,1184,1414,0,Ex,1,NAmes
4,894,2,1954,894,894,0,TA,0,Edwards
6,1294,2,1991,1278,1294,0,TA,0,SawyerW
5,894,1,1976,894,894,0,TA,0,CollgCr
6,1839,2,1957,1477,1839,0,TA,2,Crawfor
5,1652,1,1915,686,966,686,TA,0,OldTown
4,1180,1,1922,700,1180,0,TA,1,Crawfor
6,1573,2,2000,756,769,804,Gd,0,Somerst
5,1344,1,1920,672,672,672,TA,0,IDOTRR
7,1344,4,1997,1344,1344,0,TA,0,Mitchel
5,985,1,1977,985,985,0,Gd,0,CollgCr
5,1687,2,1948,747,1687,0,TA,2,Timber
6,1212,2,1977,506,1212,0,TA,1,Sawyer
7,1416,2,1999,696,696,720,Gd,0,Somerst
7,2207,2,1970,1947,2207,0,TA,1,NAmes
5,936,2,1980,936,936,0,TA,0,OldTown
8,1580,3,2007,1580,1580,0,Gd,0,Somerst
7,1456,2,2005,728,728,728,Gd,1,CollgCr
7,1212,2,2001,1212,1212,0,Gd,0,CollgCr
4,1328,1,1925,686,810,518,TA,0,OldTown
5,816,1,1982,816,816,0,Gd,1,Mitchel
5,1960,2,1952,960,960,1000,TA,0,OldTown
6,2134,2,1916,844,1445,689,TA,0,BrkSide
6,1456,2,1978,855,855,601,TA,1,NPkVill
5,936,1,1956,936,936,0,TA,0,NAmes
5,970,2,1963,970,970,0,TA,0,Sawyer
5,860,2,1982,840,860,0,TA,0,Sawyer
6,1502,1,1923,602,900,602,TA,2,Crawfor
7,2243,3,1990,700,1122,1121,Gd,1,SawyerW
5,1466,2,1936,796,1096,370,TA,1,OldTown
7,1690,1,1916,815,815,875,TA,1,OldTown
7,1726,3,2007,1726,1726,0,Ex,1,Somerst
7,1552,3,2005,1552,1552,0,Gd,0,CollgCr
6,1382,2,1962,1362,1382,0,TA,1,NAmes
5,899,1,1967,864,899,0,TA,0,Sawyer
5,1099,1,1995,1099,1099,0,TA,0,CollgCr
7,1826,1,1915,910,916,910,Gd,1,OldTown
6,918,1,1979,918,918,0,TA,1,SawyerW
4,1178,1,1900,859,859,319,TA,0,IDOTRR
8,2098,3,2005,1030,1038,1060,Gd,1,NridgHt
6,1721,2,1994,928,936,785,Gd,0,SawyerW
6,1375,1,1937,780,780,595,TA,1,IDOTRR
5,1520,1,1932,793,848,672,TA,0,SWISU
10,3608,3,1892,1107,1518,1518,Gd,2,OldTown
6,987,1,1972,483,483,504,TA,0,BrDale
8,1370,2,2006,1370,1370,0,Gd,1,NridgHt
5,1022,1,1910,1022,1022,0,TA,0,OldTown
6,1262,2,2006,1262,1262,0,Gd,0,Somerst
6,1352,1,1969,663,663,689,TA,0,Sawyer
7,1725,2,1979,539,1040,685,TA,1,NWAmes
6,1062,2,1976,1029,1062,0,TA,2,Mitchel
5,1376,1,1941,768,968,408,TA,1,NAmes
5,1712,2,1959,1626,1712,0,TA,0,NAmes
7,1720,2,2004,860,860,860,Gd,0,CollgCr
5,1040,1,1959,1040,1040,0,TA,0,NAmes
4,864,2,1971,864,864,0,TA,0,NAmes
5,900,1,1967,882,900,0,TA,0,Sawyer
7,2520,3,1995,1203,1214,1306,Gd,1,NoRidge
10,2020,3,2009,2006,2020,0,Ex,1,NridgHt
7,1314,2,2007,1314,1314,0,Gd,1,NridgHt
6,1520,1,1955,1156,1520,0,TA,2,NAmes
7,1221,2,2004,1221,1221,0,Gd,0,Somerst
7,1839,2,1998,1195,1195,644,Gd,0,NoRidge
7,1496,2,2006,654,664,832,Gd,1,Gilbert
7,1547,2,2009,756,764,783,TA,0,Somerst
5,1576,2,1923,1324,1072,504,TA,1,BrkSide
5,2414,2,1900,954,1766,648,TA,1,OldTown
5,691,1,1920,691,691,0,TA,0,OldTown
7,1664,2,1976,832,832,832,TA,1,NWAmes
5,1065,2,1960,1065,1065,0,TA,0,NAmes
6,1026,2,1969,1026,1026,0,TA,0,NAmes
8,1419,2,2007,1419,1419,0,Gd,1,StoneBr
4,990,0,1994,990,990,0,TA,0,CollgCr
6,1328,2,1963,1328,1328,0,TA,2,NWAmes
5,1484,2,1971,1484,1484,0,TA,1,NWAmes
5,1097,2,1994,1097,1097,0,TA,0,CollgCr
7,1850,2,1994,973,979,871,Gd,1,NoRidge
3,1214,3,1915,672,694,520,TA,0,OldTown
6,1072,2,2005,547,1072,0,TA,0,Edwards
7,1948,2,2004,847,847,1101,Gd,1,CollgCr
8,1554,2,2006,1554,1554,0,Gd,1,NridgHt
9,1684,2,2005,1684,1684,0,Ex,1,NridgHt
5,990,2,1994,990,990,0,TA,0,CollgCr
5,1214,2,1965,1214,1214,0,TA,0,Edwards
8,1656,3,2006,1656,1656,0,Gd,0,Somerst
3,1040,2,1950,0,1040,0,TA,0,NAmes
5,1044,2,1952,540,1044,0,Fa,0,IDOTRR
8,1989,2,2002,1065,1091,898,Gd,1,CollgCr
5,1028,2,1927,1008,1028,0,TA,1,OldTown
5,1056,1,1958,1056,1056,0,TA,0,NAmes
5,1130,2,1920,1120,1130,0,TA,1,OldTown
5,1152,2,1964,1152,1152,0,TA,1,NAmes
6,1556,2,1980,716,716,840,TA,1,Blueste
4,693,0,1941,693,693,0,TA,0,OldTown
4,630,1,1970,630,630,0,TA,0,MeadowV
6,1482,1,1925,672,810,672,TA,0,SWISU
5,1416,3,1915,876,876,540,TA,1,OldTown
5,1073,2,1965,1073,1073,0,TA,0,NAmes
5,1473,1,1968,1437,1473,0,TA,2,ClearCr
6,1224,2,2009,612,612,612,Gd,0,Somerst
8,1987,2,1994,1986,1987,0,Gd,1,NoRidge
4,882,0,1956,882,882,0,TA,0,OldTown
6,2201,2,1966,697,1575,626,Gd,1,Edwards
6,1811,2,1956,1073,1811,0,TA,1,Crawfor
4,520,1,1927,520,520,0,TA,0,BrkSide
8,1959,3,2006,1088,1088,871,Gd,1,Somerst
5,894,1,1962,894,894,0,TA,0,NAmes
8,1496,2,2007,1496,1496,0,Gd,0,Somerst
6,1728,2,2003,864,864,864,Gd,0,Somerst
8,2161,3,2007,1582,1610,551,Gd,1,NridgHt
7,1108,1,1930,637,1108,0,TA,1,IDOTRR
5,1348,1,1925,884,884,464,TA,1,BrkSide
8,1787,3,2001,1753,1787,0,Gd,1,CollgCr
6,1204,2,1998,1204,1204,0,TA,0,Mitchel
6,1603,2,1992,761,810,793,Gd,0,SawyerW
7,1829,2,2003,941,941,888,Gd,1,CollgCr
5,864,1,1972,864,864,0,TA,0,CollgCr
7,1266,2,2007,1266,1266,0,Gd,1,Blmngtn
9,1944,3,2003,1896,1944,0,Gd,3,NridgHt
7,1446,2,1996,729,729,717,TA,1,Gilbert
7,1250,2,2006,625,625,625,Gd,0,Somerst
7,1626,2,2003,764,764,862,Gd,0,NridgHt
7,1923,2,1992,750,1061,862,Gd,1,NoRidge
5,1786,2,1965,1499,1619,167,TA,2,Timber
6,1342,2,1967,1372,1342,0,TA,1,NWAmes
7,2046,3,2003,998,1006,1040,Gd,1,NridgHt
5,990,2,1995,990,990,0,TA,0,CollgCr
5,1475,1,1977,757,925,550,TA,1,MeadowV
7,1484,2,2004,1473,1484,0,Gd,0,CollgCr
5,2002,3,1949,1001,1001,1001,TA,0,Crawfor
5,1178,2,1973,1176,1178,0,TA,1,NWAmes
5,912,2,1965,912,912,0,TA,0,NAmes
7,1541,2,2005,1541,1541,0,Gd,1,NridgHt
6,1644,2,1953,1416,1644,0,TA,2,NAmes
6,1489,1,1940,778,944,545,TA,1,SWISU
8,1659,2,2000,1501,1659,0,Gd,1,StoneBr
6,1456,2,2005,728,728,728,Gd,1,CollgCr
4,1620,2,1976,1281,1620,0,TA,1,Sawyer
4,912,0,1947,0,672,240,TA,0,BrkSide
6,1322,2,1974,855,855,467,TA,1,NPkVill
7,1200,2,2003,1176,1200,0,Gd,0,SawyerW
5,2008,1,1948,896,1112,896,TA,0,Edwards
7,1550,2,2006,1092,1112,438,Gd,0,Somerst
5,1340,1,1957,0,1340,0,TA,1,Edwards
4,630,1,1970,630,630,0,TA,0,MeadowV
6,1500,2,2005,750,750,750,TA,0,CollgCr
6,1516,2,1964,1516,1516,0,TA,0,NAmes
5,1192,1,1920,596,596,596,TA,0,IDOTRR
7,1504,2,2005,1346,1504,0,Gd,1,Blmngtn
6,1844,2,1969,1844,1844,0,Gd,1,Crawfor
5,2200,0,1900,1272,1272,928,TA,0,Edwards
6,1501,2,1993,697,697,804,TA,1,Gilbert
6,1824,0,1971,912,912,912,TA,0,Mitchel
5,1750,1,1880,636,1089,661,TA,0,OldTown
5,780,1,1972,780,780,0,TA,0,CollgCr
5,1131,1,1941,676,676,455,TA,0,OldTown
5,1144,1,1959,1144,1144,0,TA,1,NAmes
6,1668,1,1950,856,1112,556,TA,0,NAmes
6,932,1,1950,932,932,0,TA,1,NAmes
5,894,2,1972,894,894,0,TA,0,CollgCr
4,858,0,1971,858,858,0,TA,0,NAmes
5,1558,1,1945,913,1048,510,TA,1,NAmes
8,1665,2,2001,810,810,855,Gd,0,NWAmes
3,1526,0,1915,1013,1013,0,Fa,0,IDOTRR
5,874,1,1968,864,874,0,TA,0,Mitchel
4,1294,0,1900,0,694,600,TA,0,OldTown
6,913,1,1966,814,913,0,TA,0,Sawyer
7,1863,3,2006,879,879,984,Gd,1,Gilbert
6,1647,2,1999,953,953,694,TA,1,Gilbert
6,1442,1,1958,1442,1442,0,TA,0,NAmes
6,912,1,1961,912,912,0,TA,0,Sawyer
9,1620,3,2007,1620,1620,0,Gd,1,Timber
7,2094,2,2003,912,912,1182,Gd,1,Somerst
7,1220,2,2006,1199,1220,0,Gd,0,CollgCr
7,1364,2,2005,1364,1364,0,Gd,1,NridgHt
7,1391,2,2004,1391,1391,0,Gd,0,Somerst
6,1661,1,1955,992,1661,0,TA,1,NAmes
6,1680,1,1915,840,840,840,TA,0,Crawfor
7,1502,2,2009,1502,1502,0,Gd,0,NridgHt
5,1362,2,1993,796,796,566,TA,0,Mitchel
7,1274,2,2005,1274,1274,0,Gd,0,CollgCr
8,1600,3,2007,1566,1600,0,Gd,1,NridgHt
9,2596,3,2006,1249,1249,1347,TA,0,NridgHt
4,1132,2,2005,1132,1132,0,TA,0,Edwards
1,904,0,1922,683,904,0,Fa,0,Edwards
7,854,2,1929,832,854,0,TA,0,BrkSide
5,833,0,1985,833,833,0,TA,0,Mitchel
7,1525,2,2000,1525,1525,0,Gd,0,CollgCr
7,1248,2,2005,1248,1248,0,Gd,0,Blmngtn
4,788,0,1941,788,788,0,TA,2,BrkSide
8,1629,3,2002,1616,1629,0,Gd,1,Timber
9,1702,3,2008,1702,1702,0,Ex,1,NridgHt
6,1141,2,2005,1141,1141,0,Gd,0,SawyerW
6,1647,1,1915,806,841,806,TA,0,SWISU
5,914,2,1996,870,914,0,Gd,0,CollgCr
4,930,1,1946,0,930,0,TA,0,Edwards
7,1102,2,2004,551,551,551,Gd,0,Somerst
7,1820,2,1965,864,902,918,TA,2,NAmes
8,1441,2,1999,776,764,677,Gd,0,Somerst
4,1092,1,1970,546,546,546,TA,0,MeadowV
5,1074,2,1975,1056,1074,0,TA,0,NWAmes
8,2466,2,2004,1580,1580,886,Gd,1,Somerst
6,1426,2,1977,690,698,728,TA,0,Edwards
6,1977,2,1964,816,1127,850,TA,1,NAmes
7,2418,3,1993,1311,1325,1093,Gd,1,NoRidge
5,1393,1,1955,816,872,521,TA,0,Edwards
7,1310,2,2005,1310,1310,0,Gd,1,CollgCr
7,2127,3,1991,1104,912,1215,Gd,1,SawyerW
6,1262,2,1976,1262,1262,0,TA,1,Veenker
8,2090,2,1995,1220,1220,870,Gd,1,CollgCr
7,1252,2,1999,600,624,628,Gd,0,Somerst
6,1232,2,1984,1232,1232,0,TA,0,Veenker
6,1117,2,1976,1029,1117,0,TA,1,Edwards
7,1710,2,1921,576,902,808,TA,0,OldTown
6,1116,2,1962,1116,1116,0,TA,0,NAmes
5,1604,2,1941,984,984,620,TA,0,Edwards
5,1111,1,1941,616,616,495,TA,0,Edwards
6,1118,2,1920,648,734,384,TA,0,OldTown
5,1700,2,1959,1398,1700,0,TA,1,NAmes
6,1593,2,1992,808,808,785,TA,1,Gilbert
5,1224,2,1979,1086,1224,0,TA,2,SawyerW
7,1339,2,1990,1309,1339,0,TA,1,Timber
8,2448,3,1994,1629,1686,762,Gd,1,NoRidge
4,1324,1,1936,672,757,567,TA,0,BrkSide
10,3627,3,1995,1930,1831,1796,Gd,1,NoRidge
7,1935,2,1976,793,1142,793,TA,1,NWAmes
6,1471,2,1999,729,742,729,TA,0,Somerst
7,2021,2,2006,868,887,1134,Gd,1,Gilbert
4,924,1,1941,672,672,252,TA,0,Edwards
5,1126,2,1977,1126,1126,0,TA,0,NWAmes
5,894,1,1965,894,894,0,TA,1,Sawyer
7,2519,2,1989,1210,1238,1281,Gd,2,Timber
5,2080,2,1969,1040,1040,1040,TA,2,NAmes
5,1228,1,1966,1228,1228,0,TA,0,Sawyer
7,1836,2,2004,1860,1836,0,Gd,1,CollgCr
9,2868,3,2005,1992,1992,876,Gd,1,StoneBr
6,1258,2,1971,1258,1258,0,Gd,0,NWAmes
4,845,2,1982,845,845,0,TA,0,Mitchel
7,1641,2,1925,728,832,809,TA,1,OldTown
6,981,2,1971,981,981,0,TA,0,NAmes
6,1176,2,1937,698,786,390,Gd,0,BrkSide
7,2084,2,2004,956,956,1128,Gd,0,SawyerW
9,2364,3,2009,2330,2364,0,Ex,2,NridgHt
7,1414,2,2004,1375,1414,0,Gd,1,Blmngtn
6,1218,1,1973,672,672,546,TA,0,BrDale
6,1511,2,1997,802,802,709,TA,1,Gilbert
7,2260,2,1996,1306,1306,954,Gd,0,ClearCr
7,1146,2,2003,868,1146,0,Gd,1,Timber
6,1392,2,1957,1392,1392,0,TA,2,NAmes
5,968,2,1923,968,968,0,Gd,0,OldTown
6,1556,2,1968,727,829,727,TA,0,NWAmes
8,1704,3,2007,1704,1704,0,Gd,1,NridgHt
8,2270,3,1999,1152,1164,1106,Gd,1,NoRidge
5,912,1,1967,912,912,0,TA,1,Sawyer
8,1414,2,2004,707,707,707,Gd,1,Gilbert
5,974,0,1991,974,974,0,TA,0,Mitchel
3,944,2,1952,0,944,0,TA,0,Edwards
8,1588,3,2006,1588,1588,0,Gd,1,Somerst
8,2794,3,1995,1462,1490,1304,Gd,1,NoRidge
6,1224,1,1926,818,818,406,TA,0,OldTown
6,848,2,2003,848,848,0,Gd,0,CollgCr
4,672,1,1941,672,672,0,TA,0,Edwards
8,1314,2,2009,1300,1314,0,Gd,0,Somerst
5,1383,1,1954,1383,1383,0,TA,1,Sawyer
6,1092,2,1964,1092,1092,0,TA,0,NAmes
5,1015,1,1925,768,1015,0,TA,0,BrkSide
5,2274,2,1960,1105,1105,1169,TA,0,NAmes
7,1640,2,2003,798,798,842,Gd,0,CollgCr
6,1416,2,1968,708,708,708,TA,1,NWAmes
6,1494,2,1997,1479,1494,0,TA,0,CollgCr
7,1456,2,2007,728,728,728,Gd,1,Gilbert
7,1530,2,2005,1530,1530,0,Gd,1,StoneBr
6,3395,0,1914,1440,1440,1440,Fa,0,SWISU
8,1566,2,2008,1566,1566,0,Gd,0,Somerst
9,1869,2,2007,1869,1869,0,Ex,1,NridgHt
6,1743,2,1968,702,1041,702,Gd,1,NWAmes
4,988,1,1973,462,526,462,TA,0,MeadowV
4,864,2,1970,864,864,0,TA,0,NAmes
6,1344,2,1958,819,1344,0,TA,1,Timber
4,1981,2,1928,1122,1328,653,TA,2,SWISU
5,1319,1,1953,608,1319,0,TA,0,NAmes
7,1621,2,1984,1208,1621,0,Gd,0,NWAmes
6,1671,2,2000,959,959,712,TA,1,Gilbert
5,768,1,1972,768,768,0,TA,0,CollgCr
6,1400,2,1978,672,672,728,TA,1,Sawyer
4,948,1,1954,948,948,0,TA,1,Edwards
6,1334,2,1977,1350,1334,0,TA,1,NWAmes
8,2262,3,2003,1482,1482,780,Gd,2,Timber
5,864,2,1955,864,864,0,TA,0,Edwards
7,1692,2,2009,846,846,846,TA,0,Timber
10,2775,2,1893,1237,1521,1254,Ex,1,OldTown
6,1212,2,2009,1212,1212,0,TA,0,Edwards
5,1053,1,1959,1053,1053,0,Gd,0,NAmes
5,912,1,1958,912,912,0,TA,0,NAmes
7,1535,2,2004,1517,1535,0,Gd,0,NridgHt
8,3228,2,1992,3200,3228,0,Gd,1,NoRidge
7,1728,2,2004,864,864,864,Gd,0,CollgCr
5,912,1,1958,912,912,0,TA,0,NAmes
7,2196,3,1990,2158,2196,0,Gd,1,SawyerW
6,1960,2,2002,860,860,1100,Gd,2,Gilbert
7,1779,2,1998,866,866,913,TA,0,CollgCr
5,1190,2,1962,1106,1190,0,TA,0,NAmes
7,1569,3,2007,1386,1569,0,Gd,1,Blmngtn
6,1244,1,1957,1244,1244,0,TA,2,NAmes
6,1458,1,1948,912,912,546,TA,1,NAmes
5,1320,2,1966,1164,1320,0,TA,2,Sawyer
5,1188,1,1962,1188,1188,0,TA,0,Mitchel
8,2358,0,1872,684,938,1215,TA,0,OldTown
7,1258,3,2006,1258,1258,0,Gd,1,Blmngtn
7,1173,2,1974,1053,1173,0,TA,2,NWAmes
7,1768,2,2005,866,866,902,Gd,0,Somerst
5,948,1,1968,948,948,0,TA,0,Sawyer
6,1469,1,1906,756,756,713,TA,0,IDOTRR
6,987,1,1970,483,483,504,TA,0,BrDale
5,1271,1,1948,720,720,551,TA,1,Sawyer
7,1389,1,1946,651,707,682,TA,2,OldTown
6,1118,1,1977,1096,1118,0,TA,1,Mitchel
7,2156,2,1968,1568,2156,0,TA,1,NWAmes
6,816,1,1930,816,816,0,Gd,0,IDOTRR
8,1652,2,2000,1494,1652,0,Gd,0,StoneBr
5,1057,1,1953,1057,1057,0,TA,0,NAmes
7,1474,2,1995,384,804,670,TA,1,Gilbert
8,2217,2,1970,2217,2217,0,Gd,1,NAmes
4,1208,2,1925,780,848,0,TA,0,IDOTRR
7,1422,2,2004,1422,1422,0,Gd,0,CollgCr
7,1947,2,2004,991,991,956,Gd,1,Somerst
7,2036,2,1965,2136,2036,0,TA,2,Timber
6,1357,1,1959,1019,1357,0,TA,1,Edwards
7,1630,2,2000,1630,1630,0,Gd,1,CollgCr
6,1664,2,2000,953,953,711,TA,1,Gilbert
5,1803,2,1957,1134,1803,0,TA,1,Sawyer
5,954,1,1938,920,954,0,TA,1,Crawfor
8,3194,2,1934,965,1940,1254,TA,2,Crawfor
4,951,1,1936,951,951,0,TA,0,IDOTRR
7,1432,2,2004,716,716,716,Gd,1,Gilbert
5,2240,2,1979,0,1120,1120,TA,0,SawyerW
7,1482,2,1992,384,812,670,TA,1,Gilbert
5,1256,1,1965,1256,1256,0,Gd,0,Edwards
5,672,1,1940,672,672,0,TA,0,Sawyer
7,1500,3,2006,1356,1500,0,Gd,1,Blmngtn
5,1248,1,1930,912,912,336,TA,0,OldTown
7,1479,2,1972,725,725,754,TA,0,NAmes
8,1976,3,2006,1976,1976,0,Gd,1,NridgHt
5,1784,1,1914,747,892,892,TA,0,Crawfor
7,1111,1,1926,572,572,539,TA,1,OldTown
10,2084,3,2007,2078,2084,0,Ex,1,NridgHt
6,1616,1,1926,1149,1149,467,TA,0,OldTown
4,1220,2,1951,836,1220,0,TA,0,Edwards
5,1964,0,1911,940,1024,940,TA,0,SWISU
5,999,1,1962,925,999,0,TA,0,NAmes
6,1470,2,1993,680,680,790,Ex,1,Gilbert
5,1582,2,1964,1624,1582,0,TA,0,ClearCr
7,1494,2,1998,1482,1494,0,Gd,1,SawyerW
7,1372,2,2007,1372,1372,0,Gd,0,Somerst
8,2046,3,2008,2046,2046,0,Gd,1,StoneBr
5,1144,1,1956,1144,1144,0,TA,0,Edwards
5,1124,0,1954,0,1124,0,TA,1,Edwards
6,1412,2,2006,616,616,796,TA,1,Gilbert
6,1392,2,1968,1392,1392,0,TA,2,NAmes
6,1902,2,1978,0,1318,584,TA,0,Sawyer
8,2365,3,1999,1252,1268,1097,Gd,1,NoRidge
6,1682,2,1998,804,804,878,TA,0,CollgCr
8,1324,2,2006,1324,1324,0,Gd,1,NridgHt
6,1224,2,2009,612,612,612,Gd,0,Somerst
4,960,1,1956,672,960,0,TA,0,Edwards
4,1788,1,1957,1104,1104,684,TA,2,ClearCr
8,1852,3,1999,1004,1004,848,Gd,2,CollgCr
8,1801,3,2005,893,901,900,Gd,1,Gilbert
6,1657,2,1970,1657,1657,0,TA,1,NAmes
8,2727,2,1932,853,1549,1178,Gd,2,Crawfor
5,1365,2,1971,765,765,600,TA,0,BrDale
8,2031,2,2002,1128,1128,903,Gd,1,CollgCr
5,910,2,1953,105,910,0,Gd,0,NAmes
7,1494,3,2006,1494,1494,0,Gd,1,CollgCr
7,2340,1,1941,1152,1188,1152,Ex,2,Crawfor
6,2267,2,2002,1010,1010,1257,Gd,1,Gilbert
5,924,1,1975,924,924,0,TA,0,CollgCr
7,1724,2,1998,880,880,844,TA,0,CollgCr
6,848,2,2004,848,848,0,Gd,1,CollgCr
9,1905,3,2006,1905,1905,0,Ex,1,Somerst
4,630,0,1970,630,630,0,TA,0,MeadowV
6,1683,2,1978,918,918,765,TA,1,Sawyer
9,2668,3,2003,1572,1572,1096,Gd,2,NridgHt
5,1203,1,1950,709,979,224,TA,1,BrkSide
7,1717,3,1915,756,961,756,TA,1,Crawfor
6,848,2,2004,848,848,0,Gd,1,CollgCr
4,1588,2,1959,0,1120,468,TA,1,ClearCr
5,1048,2,1950,0,1048,0,TA,0,NAmes
9,2713,3,2008,1452,1476,1237,Ex,1,NridgHt
8,3238,3,1995,2033,2053,1185,Gd,1,NoRidge
4,747,1,1945,747,747,0,TA,0,OldTown
8,2028,3,2005,1868,2028,0,Gd,2,Timber
5,1150,1,1959,1150,1150,0,TA,0,NAmes
7,1776,2,2002,936,936,840,Gd,1,CollgCr
4,960,1,1965,960,960,0,TA,0,Edwards
4,1029,1,1961,1029,1029,0,TA,0,Sawyer
6,1218,2,2009,1218,1218,0,Gd,0,Somerst
5,1144,1,1963,1144,1144,0,TA,0,NAmes
4,1382,2,1963,1051,1382,0,TA,1,Sawyer
6,1728,2,1976,1728,1728,0,TA,0,Mitchel
6,1425,2,1964,1425,1425,0,TA,1,NAmes
10,2007,3,2008,1017,1026,981,Ex,1,Somerst
5,1432,2,1978,1360,1432,0,TA,1,Veenker
6,784,2,1928,784,784,0,TA,0,SawyerW
5,1394,2,2006,384,754,640,TA,0,Timber
6,864,1,1959,864,864,0,TA,0,NAmes
8,1593,2,2001,1593,1593,0,Gd,1,StoneBr
6,1218,2,1941,735,869,349,TA,1,BrkSide
5,1211,1,1968,952,1211,0,TA,1,Sawyer
5,1422,1,1960,978,1422,0,TA,1,NAmes
8,1872,2,2001,1299,1299,573,Gd,1,CollgCr
3,894,3,1935,894,894,0,Fa,0,IDOTRR
7,1718,2,1998,832,885,833,TA,1,Gilbert
5,1048,1,1922,993,1048,0,TA,1,BrkSide
8,1288,2,1996,1260,1288,0,Gd,2,Veenker
6,1200,1,1923,1200,1200,0,TA,0,OldTown
3,1183,1,1948,649,679,504,TA,0,OldTown
8,1844,2,2005,1844,1844,0,Gd,1,SawyerW
6,790,1,1930,768,790,0,TA,0,SWISU
8,1625,2,2006,1573,1625,0,Gd,1,Crawfor
4,1140,0,1910,576,792,348,TA,0,OldTown
6,1912,2,1905,482,1221,691,TA,1,OldTown
7,1626,2,2003,764,764,862,Gd,0,NridgHt
9,1800,2,2007,1800,1800,0,Gd,0,CollgCr
5,1040,0,1978,1040,1040,0,TA,0,CollgCr
9,2153,3,2000,1440,1476,677,Gd,2,CollgCr
7,1479,2,2003,1453,1479,0,Gd,0,CollgCr
9,2121,3,2006,2121,2121,0,Ex,1,NridgHt
7,2287,2,1953,1304,1304,983,Gd,1,ClearCr
5,1120,0,2007,1120,1120,0,TA,0,Mitchel
8,1936,2,2000,1406,1454,482,Gd,1,Gilbert
9,2324,3,2005,1175,1182,1142,Ex,2,NridgHt
5,894,2,1968,894,894,0,TA,1,Sawyer
5,816,2,1963,816,816,0,Fa,0,IDOTRR
8,1919,2,2006,1079,1079,840,Gd,1,CollgCr
6,1574,2,1976,796,790,784,TA,1,NWAmes
7,1378,2,1928,689,689,689,TA,1,OldTown
8,1630,3,2008,1622,1630,0,Gd,1,CollgCr
6,1003,2,1984,1003,1003,0,TA,0,Mitchel
7,1964,2,1976,803,1098,866,TA,1,NWAmes
4,872,4,1971,858,872,0,TA,0,NAmes
6,1196,1,1956,1196,1196,0,TA,1,NAmes
5,1920,2,1948,928,928,992,TA,0,NAmes
5,1060,1,1968,1060,1060,0,TA,1,Sawyer
5,1507,1,1960,1075,1507,0,TA,0,NAmes
5,928,1,1956,928,928,0,TA,0,NAmes
6,1395,2,1972,723,735,660,TA,1,NWAmes
5,827,1,1955,0,827,0,TA,1,NAmes
5,969,2,1975,969,969,0,TA,0,CollgCr
7,2291,2,1999,975,1005,1286,Gd,1,Gilbert
4,1154,1,1922,796,796,358,TA,0,IDOTRR
7,1368,2,2005,1368,1368,0,Gd,1,NridgHt
5,904,1,1966,876,904,0,TA,0,Sawyer
5,1644,1,1942,728,888,756,TA,2,NAmes
10,4476,3,1996,2396,2411,2065,Gd,2,NoRidge
4,1296,2,1967,0,1296,0,TA,0,Sawyer
7,1646,1,1941,918,918,728,TA,2,Crawfor
4,1774,3,1900,1095,1095,679,TA,0,OldTown
5,1513,1,1920,939,939,574,TA,0,BrkSide
6,1375,2,1954,1367,1375,0,TA,1,NAmes
3,729,0,1935,270,729,0,Gd,0,BrkSide
7,1986,2,1965,768,1186,800,TA,3,NAmes
8,1466,3,2007,1466,1466,0,Gd,0,Timber
7,1509,2,2003,783,807,702,Gd,1,Gilbert
9,1561,2,2005,1561,1561,0,Ex,1,NridgHt
7,2149,2,2003,1434,1518,631,Gd,1,Mitchel
5,1464,2,1963,520,1464,0,TA,1,Sawyer
8,1338,2,2001,1338,1338,0,Gd,0,StoneBr
8,2290,2,2002,1128,1149,1141,Gd,1,CollgCr
10,2296,3,2008,1722,1728,568,Ex,1,NridgHt
6,1567,2,1977,1567,1567,0,TA,2,Mitchel
5,1800,0,1961,1800,1800,0,TA,0,NAmes
4,796,0,1922,796,796,0,TA,0,IDOTRR
7,1553,2,2005,756,756,797,Gd,0,Somerst
5,858,2,1982,858,858,0,TA,0,Sawyer
5,1920,2,1958,1052,1252,668,Gd,1,Sawyer
6,1689,2,1956,1436,1689,0,TA,1,Edwards
5,1122,2,1948,924,1122,0,TA,0,OldTown
6,1279,2,1977,1196,1279,0,TA,2,Mitchel
8,1502,2,1985,1488,1502,0,Gd,0,StoneBr
9,2504,3,2005,1122,1134,1370,Gd,1,StoneBr
4,960,1,1965,648,960,0,TA,0,Sawyer
5,803,2,1941,720,803,0,TA,0,IDOTRR
4,630,0,1972,630,630,0,TA,0,MeadowV
10,5642,2,2008,6110,4692,950,Ex,3,Edwards
4,1346,1,1910,560,796,550,TA,0,Edwards
7,1818,1,1931,1040,1226,592,TA,2,IDOTRR
7,1548,2,1925,952,952,596,Gd,0,BrkSide
5,893,2,1949,845,893,0,TA,0,NAmes
6,1094,2,1953,1094,1094,0,TA,2,Edwards
6,1310,1,1924,617,865,445,TA,0,OldTown
5,1701,2,1975,1390,1701,0,TA,2,Sawyer
5,1040,2,1950,0,1040,0,TA,0,NAmes
5,1522,0,1926,1008,1008,0,TA,0,SWISU
5,1057,2,1962,1057,1057,0,TA,0,Sawyer
7,2019,2,1910,728,1136,883,TA,0,BrkSide
4,1374,1,1920,840,840,534,Fa,0,OldTown
8,1717,3,2006,1709,1717,0,Gd,1,NridgHt
5,882,1,1956,0,882,0,TA,0,OldTown
6,1096,0,1924,572,572,524,TA,0,Edwards
6,1724,2,1967,1680,1724,0,TA,1,NWAmes
4,948,1,1954,864,948,0,TA,0,Edwards
4,1225,0,1959,950,1225,0,TA,0,NAmes
8,2042,3,2008,2042,2042,0,Ex,1,NridgHt
5,1268,1,1949,832,1036,0,Gd,1,NAmes
9,1792,3,2003,1792,1792,0,Gd,1,NridgHt
7,1720,2,2004,840,840,880,Gd,1,Gilbert
7,1368,2,2005,1368,1368,0,Gd,1,NridgHt
3,864,1,1914,864,864,0,TA,0,Edwards
6,1167,2,1992,1158,1167,0,TA,0,Gilbert
6,816,0,1990,816,816,0,TA,0,Edwards
5,858,0,1958,858,858,0,TA,0,BrkSide
5,1167,2,1920,915,1167,0,TA,1,BrkSide
7,2353,2,1980,845,1153,1200,Gd,1,NWAmes
7,1958,3,2005,1026,1026,932,Gd,1,Somerst
8,1932,3,2008,1932,1932,0,Ex,1,NridgHt
7,2236,2,1997,964,993,1243,TA,1,Gilbert
8,1915,2,1992,908,927,988,Gd,1,SawyerW
5,789,1,1926,768,789,0,TA,0,Crawfor
6,1600,2,1997,916,916,684,TA,1,Gilbert
9,1668,3,2002,1626,1668,0,Gd,1,CollgCr
7,1790,2,1999,873,882,908,Gd,0,CollgCr
7,1665,2,2007,813,822,843,Gd,0,Somerst
5,912,1,1964,912,912,0,TA,0,NAmes
7,1959,3,1988,1907,1959,0,TA,0,Mitchel
6,1337,2,1998,1405,1337,0,Gd,0,NAmes
5,925,1,1965,925,925,0,TA,0,NAmes
5,1656,1,1916,660,808,704,TA,0,OldTown
5,1128,2,1963,1120,1128,0,TA,0,NAmes
5,816,1,1957,816,816,0,TA,0,NAmes
6,1208,2,1977,1208,1208,0,Gd,1,Veenker
7,1164,2,1969,1164,1164,0,TA,0,NWAmes
5,999,1,1962,999,999,0,TA,0,Sawyer
9,2184,3,2008,1104,1130,1054,Ex,1,NridgHt
5,1716,0,1912,780,936,780,TA,0,SWISU
4,960,2,1970,960,960,0,TA,0,BrkSide
5,1601,1,1958,533,1021,580,TA,0,Sawyer
5,1526,1,1957,1216,1526,0,TA,1,Edwards
5,1265,2,1965,1219,1265,0,TA,1,NAmes
6,1080,2,1983,1084,1080,0,TA,0,Mitchel
7,1978,2,1968,832,1098,880,TA,1,NWAmes
4,1092,1,1970,546,546,546,TA,0,MeadowV
5,1008,1,1954,1008,1008,0,TA,1,NAmes
6,848,2,2004,848,848,0,Gd,1,CollgCr
5,1020,0,1875,780,780,240,TA,0,Sawyer
5,1440,1,1900,540,889,551,TA,0,OldTown
5,1200,1,1946,768,768,432,TA,0,Edwards
7,1626,2,2003,764,764,862,Gd,0,NridgHt
3,1077,1,1922,1007,1077,0,TA,1,IDOTRR
5,866,0,1945,686,866,0,TA,0,OldTown
8,1616,2,1995,1595,1616,0,Gd,1,StoneBr
5,778,1,1940,740,778,0,TA,1,IDOTRR
6,1571,2,1993,799,799,772,Gd,1,Gilbert
3,1733,2,1955,0,1733,0,TA,1,Edwards
4,1092,1,1973,546,546,546,TA,0,MeadowV
7,1302,2,2007,1302,1302,0,Gd,0,Gilbert
7,999,2,1961,944,999,0,Ex,0,NAmes
5,950,1,1971,950,950,0,TA,0,NAmes
4,1258,2,1969,1198,1258,0,TA,0,Sawyer
6,1489,2,1968,1489,1489,0,TA,1,NWAmes
8,1689,3,2002,1568,1689,0,Gd,2,Mitchel
6,1839,2,1966,756,1051,788,TA,1,NAmes
5,1060,2,1976,1040,1060,0,TA,1,MeadowV
6,1656,2,1960,1080,1656,0,TA,2,NAmes
6,1252,1,1950,1032,1032,220,TA,0,NAmes
5,884,2,1983,840,884,0,TA,0,SawyerW
7,1852,2,2009,900,932,920,TA,1,Somerst
6,1252,2,1959,1252,1252,0,Gd,0,NAmes
5,1385,2,1952,910,910,475,TA,0,NAmes
5,2337,2,1900,662,1422,915,TA,0,OldTown
6,1215,1,1958,1215,1215,0,TA,0,NAmes
8,1563,3,2007,1563,1563,0,TA,1,Somerst
6,1236,2,1957,912,1236,0,TA,0,OldTown
6,848,2,2004,848,848,0,Gd,0,CollgCr
7,2093,2,1986,791,1236,857,TA,1,NWAmes
6,1348,2,1966,660,660,688,TA,1,NAmes
6,1560,2,2005,684,684,876,Gd,1,Gilbert
7,1502,1,1931,776,851,651,TA,1,Crawfor
4,864,2,1951,864,864,0,TA,0,Gilbert
7,1436,2,2004,1436,1436,0,Gd,0,CollgCr
7,1720,2,1996,1720,1720,0,Gd,1,NoRidge
5,943,2,1979,943,943,0,TA,2,NAmes
7,1616,3,2005,1616,1616,0,Gd,0,Somerst
6,1846,1,1949,1040,1168,678,TA,1,NAmes
8,2468,3,2004,1136,1136,1332,Gd,1,NridgHt
6,2624,3,1918,1370,1370,1254,TA,1,Crawfor
7,1402,3,2006,1258,1402,0,Gd,1,Blmngtn
7,1661,2,1996,799,827,834,Gd,1,CollgCr
9,1709,2,1999,1698,1709,0,Gd,1,Somerst
5,1188,2,1959,1188,1188,0,TA,0,NAmes
7,2013,2,1996,1117,1127,886,Gd,1,NoRidge
9,1850,3,2004,1833,1850,0,Gd,1,NridgHt
7,1498,2,2006,1498,1498,0,Gd,0,CollgCr
7,1840,2,2001,944,944,896,Gd,0,CollgCr
7,1241,2,2006,1241,1241,0,Gd,0,Somerst
6,1564,2,1980,650,888,676,TA,1,SawyerW
5,894,2,1972,894,894,0,TA,0,CollgCr
9,2234,3,2008,2216,2234,0,Ex,1,StoneBr
6,1686,2,1980,1686,1686,0,TA,1,NWAmes
8,1360,2,1984,1220,1360,0,Gd,1,StoneBr
8,1935,2,2009,832,832,1103,Gd,0,Somerst
5,1928,0,1916,686,948,980,TA,0,SWISU
5,1078,1,1950,1078,1078,0,TA,0,NAmes
4,1120,2,1961,1040,1120,0,TA,0,Sawyer
9,1856,3,2010,1856,1856,0,Gd,1,StoneBr
7,1922,2,2003,0,495,1427,Gd,1,Edwards
4,1067,2,1950,1067,1067,0,TA,0,Sawyer
4,708,0,1940,420,708,0,Fa,0,BrkSide
5,1392,2,1957,1392,1392,0,TA,1,Sawyer
7,1767,2,1987,1064,1064,703,Gd,1,StoneBr
6,1199,2,1993,1199,1199,0,Gd,0,SawyerW
5,1868,2,1976,780,1088,780,TA,1,NWAmes
8,1337,2,1993,1337,1337,0,Gd,1,StoneBr
5,1576,1,1928,1042,1042,534,TA,1,BrkSide
6,1392,1,1977,689,689,703,TA,0,CollgCr
6,1756,2,1996,872,888,868,Gd,0,Timber
7,1886,2,1998,930,956,930,Gd,1,Gilbert
5,1086,2,1966,1024,1086,0,TA,1,NAmes
7,1501,2,1999,744,757,744,TA,0,Somerst
6,1640,2,2004,798,798,842,Gd,0,SawyerW
8,2263,2,1998,1141,1165,1098,Gd,1,NoRidge
7,1358,2,2009,1358,1358,0,Gd,1,NridgHt
5,1142,2,1976,1142,1142,0,TA,1,MeadowV
5,1052,1,1968,1052,1052,0,TA,0,NAmes
4,630,0,1972,630,630,0,TA,0,MeadowV
9,2822,3,2008,1734,1734,1088,Ex,1,NridgHt
2,800,0,1936,264,800,0,Fa,1,BrkSide
5,1040,1,1965,1040,1040,0,TA,0,Sawyer
7,1223,2,2005,600,520,623,Gd,0,Somerst
5,1360,2,1955,384,1360,0,TA,1,NAmes
5,2136,2,1951,2136,2136,0,TA,0,NAmes
7,3082,2,1920,824,1687,998,TA,2,SWISU
6,1595,1,1940,940,1192,403,TA,2,SWISU
4,864,0,1971,864,864,0,TA,1,NAmes
7,1786,2,2001,920,920,866,Gd,1,CollgCr
8,2392,3,1997,1396,1407,985,Gd,1,NoRidge
8,2704,2,1972,1952,2000,704,Gd,3,NAmes
8,1636,3,2006,1623,1636,0,Gd,1,Somerst
7,1442,2,1990,1424,1442,0,TA,0,Gilbert
4,1344,0,1970,546,798,546,TA,1,MeadowV
3,720,1,1949,0,720,0,TA,0,BrkSide
6,1993,2,1971,825,1097,896,TA,1,NWAmes
6,1688,2,1997,616,616,1072,TA,0,ClearCr
5,1002,2,1970,1002,1002,0,TA,0,NAmes
7,1708,2,2004,976,976,732,Gd,0,Edwards
5,1252,2,1908,504,936,316,TA,0,BrkSide
7,1431,2,1999,1431,1431,0,Gd,0,CollgCr
5,773,1,1953,773,773,0,TA,0,NAmes
5,1056,1,1968,1056,1056,0,TA,1,NAmes
5,1389,2,1974,1389,1389,0,TA,1,Mitchel
6,1493,2,1997,1478,1493,0,TA,1,CollgCr
7,2554,2,1890,718,1576,978,TA,0,OldTown
6,2345,2,1932,952,1170,1175,TA,1,Crawfor
5,2138,2,1898,849,1075,1063,TA,0,OldTown
5,1134,1,1940,756,756,378,TA,0,Edwards
7,1614,3,2005,1614,1614,0,Gd,0,CollgCr
5,1140,0,2006,1140,1140,0,TA,0,Mitchel
8,2576,3,2006,1234,1264,1312,Ex,1,StoneBr
5,1728,2,1976,1728,1728,0,TA,0,Mitchel
6,1548,2,1976,804,804,744,TA,1,NPkVill
5,1221,1,1924,784,949,272,TA,0,Edwards
6,838,1,1918,816,838,0,TA,0,BrkSide
7,1506,2,2005,1362,1506,0,Gd,1,Blmngtn
6,2108,2,1935,1127,1236,872,TA,2,Edwards
6,1224,2,1999,1224,1224,0,TA,0,Mitchel
8,1788,2,2001,1753,1788,0,Gd,1,CollgCr
4,1040,2,1949,0,1040,0,TA,0,NAmes
7,1301,2,2006,1293,1301,0,Gd,1,Somerst
5,1728,2,1965,1728,1728,0,TA,0,NAmes
6,1261,2,1958,1261,1261,0,TA,1,NAmes
5,1268,1,1977,1268,1268,0,TA,0,CollgCr
5,988,2,1961,988,988,0,TA,0,Sawyer
8,1517,2,1929,792,792,725,TA,2,Crawfor
6,1651,2,1986,1606,1651,0,TA,1,Timber
5,1302,1,1972,630,630,672,TA,0,BrDale
7,1601,2,1978,1271,1601,0,TA,1,NWAmes
6,1216,2,1998,1216,1216,0,TA,0,Mitchel
5,1486,2,1964,1486,1486,0,TA,0,Edwards
5,1144,2,1961,1144,1144,0,TA,0,NAmes
6,1750,1,1940,983,983,767,TA,0,Mitchel
8,1694,2,2004,1686,1694,0,Gd,1,Somerst
7,2110,2,1968,2110,2110,0,Gd,2,NAmes
8,1484,2,2006,1476,1484,0,Gd,1,Timber
5,835,1,1920,458,835,0,TA,0,Edwards
5,935,1,1965,935,935,0,TA,0,Sawyer
4,901,1,1954,901,901,0,TA,0,OldTown
8,1992,2,2003,1053,1053,939,Gd,1,Somerst
8,1768,2,2007,866,866,902,Gd,0,CollgCr
5,965,1,1965,828,965,0,TA,0,SawyerW
5,1301,2,1924,1145,1301,0,TA,0,BrkSide
7,3222,3,1990,1673,1699,1523,TA,2,SawyerW
5,1696,1,1962,1140,1696,0,TA,1,Sawyer
7,2696,3,2007,1264,1282,1414,Gd,1,CollgCr
4,605,0,1920,528,605,0,TA,0,Edwards
7,3493,3,1880,1470,1675,1818,TA,1,OldTown
5,1838,2,2005,732,734,1104,Gd,1,Gilbert
5,1339,1,1958,1029,1339,0,TA,0,NAmes
7,1644,2,1989,1518,1644,0,Gd,1,SawyerW
7,1349,2,2000,1349,1349,0,TA,0,SawyerW
7,2090,2,1973,1107,1107,983,TA,2,NWAmes
10,1718,3,2006,1700,1718,0,Ex,1,NridgHt
5,1539,2,1904,650,958,581,TA,1,OldTown
5,1572,3,1963,1572,1572,0,TA,2,Timber
7,1453,2,1986,1453,1453,0,TA,1,ClearCr
5,1048,1,1956,1048,1048,0,TA,0,NAmes
6,1056,2,1980,1056,1056,0,TA,0,OldTown
8,2630,3,1998,1470,1470,1160,Gd,1,NoRidge
5,1365,2,1970,765,765,600,TA,0,BrDale
6,813,1,1930,813,813,0,TA,0,OldTown
6,2526,1,1916,714,1664,862,TA,1,OldTown
7,1352,2,2006,1352,1352,0,Gd,1,Somerst
4,968,1,1927,656,968,0,TA,0,OldTown
7,1689,3,2007,1689,1689,0,Gd,0,Somerst
6,1158,1,1929,862,950,208,TA,1,BrkSide
7,1564,1,1941,704,860,704,TA,1,Crawfor
8,1713,3,2004,1713,1713,0,Gd,1,NridgHt
5,988,2,1954,988,988,0,TA,0,Mitchel
5,1264,2,1960,1268,1264,0,TA,2,NAmes
7,2060,2,1999,992,1022,1038,Gd,1,Gilbert
7,1557,2,2003,1374,1557,0,Gd,1,Blmngtn
7,1768,2,1914,880,880,888,TA,2,OldTown
5,1600,1,1957,1484,1600,0,TA,2,NAmes
6,2030,2,1976,848,1118,912,TA,1,NWAmes
8,1228,2,1988,1228,1228,0,Gd,1,StoneBr
1,334,0,1946,0,334,0,Fa,0,BrkSide
7,2090,2,1984,1190,1190,900,Gd,1,StoneBr
8,2524,2,1981,2524,2524,0,Gd,1,NWAmes
6,1523,2,1976,1193,1523,0,TA,1,NWAmes
5,1647,2,1977,1430,1647,0,TA,1,Crawfor
5,1216,1,1947,832,832,384,TA,0,NAmes
6,1578,1,1941,806,958,620,TA,2,NAmes
6,1478,2,1960,1478,1478,0,TA,2,NAmes
8,2622,2,1994,1463,1500,1122,Gd,2,NoRidge
5,886,1,1938,190,886,0,TA,0,OldTown
8,1646,2,2004,1594,1646,0,Gd,1,Crawfor
7,1654,3,2002,1654,1654,0,Gd,0,CollgCr
7,2730,2,1986,1502,1553,1177,Gd,1,SawyerW
5,1276,1,1958,1276,1276,0,TA,0,Edwards
5,1382,2,1941,720,854,0,TA,0,OldTown
7,1434,2,2001,1454,1434,0,Gd,1,SawyerW
6,1381,2,1972,1161,1381,0,TA,1,NWAmes
7,1894,2,2002,817,824,1070,Gd,1,Timber
6,1674,2,1918,1163,1163,511,TA,1,Edwards
5,894,2,1974,864,894,0,TA,1,Sawyer
10,2402,3,2008,3094,2402,0,Ex,2,NridgHt
9,2728,3,2005,1848,1848,880,Ex,2,NridgHt
7,1555,3,2007,1373,1555,0,Gd,1,Blmngtn
8,1939,3,2006,1095,1095,844,Gd,1,Somerst
5,864,1,1972,864,864,0,TA,0,CollgCr
6,987,1,1973,483,483,504,TA,0,BrDale
10,2633,3,2001,2633,2633,0,Ex,2,NoRidge
7,1501,2,1999,1490,1501,0,Gd,0,CollgCr
6,996,2,1992,936,996,0,TA,0,SawyerW
6,1113,1,1976,1143,1113,0,TA,1,Edwards
3,864,0,1914,864,864,0,TA,0,Edwards
6,1679,2,1994,1408,1679,0,TA,1,SawyerW
8,1666,1,1925,588,833,833,TA,1,OldTown
6,1458,2,1999,729,729,729,TA,1,Somerst
5,2126,2,1967,1013,1160,966,TA,0,ClearCr
8,1836,3,2004,1836,1836,0,Gd,1,NridgHt
4,1452,0,1920,736,736,716,TA,0,OldTown
6,1258,1,1939,560,698,560,TA,0,Edwards
8,1456,2,2003,1273,1456,0,Gd,1,Blmngtn
5,1214,1,1967,1214,1214,0,TA,1,NAmes
6,1635,1,1910,485,1001,634,TA,0,OldTown
8,1296,2,2001,1267,1296,0,Gd,0,Timber
5,1505,1,1940,883,988,517,TA,0,BrkSide
7,1200,2,2005,600,520,600,Gd,0,Somerst
7,1533,2,1975,1533,1533,0,TA,2,ClearCr
